INSERT INTO public.location (loc_id, city, country, timezone) VALUES (1, 'Al Khirāb', 'Yemen', 'Asia/Riyadh');
INSERT INTO public.location (loc_id, city, country, timezone) VALUES (2, 'Tabinay', 'Philippines', 'Asia/Manila');
INSERT INTO public.location (loc_id, city, country, timezone) VALUES (3, 'Gračec', 'Croatia', 'Europe/Zagreb');
INSERT INTO public.location (loc_id, city, country, timezone) VALUES (4, 'Jiuzihe', 'China', 'Asia/Shanghai');
INSERT INTO public.location (loc_id, city, country, timezone) VALUES (5, 'Itaporanga', 'Brazil', 'America/Fortaleza');
INSERT INTO public.location (loc_id, city, country, timezone) VALUES (6, 'Fagersta', 'Sweden', 'Europe/Stockholm');
INSERT INTO public.location (loc_id, city, country, timezone) VALUES (7, 'Dongchengyuan', 'China', 'Asia/Shanghai');
INSERT INTO public.location (loc_id, city, country, timezone) VALUES (8, 'Sammatti', 'Finland', 'Europe/Helsinki');
INSERT INTO public.location (loc_id, city, country, timezone) VALUES (9, 'Margos', 'Philippines', 'Asia/Manila');
INSERT INTO public.location (loc_id, city, country, timezone) VALUES (10, 'Annecy', 'France', 'Europe/Paris');
INSERT INTO public.location (loc_id, city, country, timezone) VALUES (11, 'Pyatigorsk', 'Russia', 'Europe/Moscow');
INSERT INTO public.location (loc_id, city, country, timezone) VALUES (12, 'Bil‘īn', 'Palestinian Territory', 'Asia/Hebron');
INSERT INTO public.location (loc_id, city, country, timezone) VALUES (13, 'Široki Brijeg', 'Bosnia and Herzegovina', 'Europe/Sarajevo');
INSERT INTO public.location (loc_id, city, country, timezone) VALUES (14, 'Peraía', 'Greece', 'Europe/Athens');
INSERT INTO public.location (loc_id, city, country, timezone) VALUES (15, 'Meziměstí', 'Czech Republic', 'Europe/Warsaw');
INSERT INTO public.location (loc_id, city, country, timezone) VALUES (16, 'Kozhanka', 'Ukraine', 'Europe/Kiev');
INSERT INTO public.location (loc_id, city, country, timezone) VALUES (17, 'Santa Praxedes', 'Philippines', 'Asia/Manila');
INSERT INTO public.location (loc_id, city, country, timezone) VALUES (18, 'Massy', 'France', 'Europe/Paris');
INSERT INTO public.location (loc_id, city, country, timezone) VALUES (19, 'Mistřice', 'Czech Republic', 'Europe/Prague');
INSERT INTO public.location (loc_id, city, country, timezone) VALUES (20, 'Gengqing', 'China', 'Asia/Chongqing');
INSERT INTO public.location (loc_id, city, country, timezone) VALUES (21, 'Yesan', 'South Korea', 'Asia/Seoul');
INSERT INTO public.location (loc_id, city, country, timezone) VALUES (22, 'Xiangcheng', 'China', 'Asia/Shanghai');
INSERT INTO public.location (loc_id, city, country, timezone) VALUES (23, 'Wulipu', 'China', 'Asia/Chongqing');
INSERT INTO public.location (loc_id, city, country, timezone) VALUES (24, 'Abū Tīj', 'Egypt', 'Africa/Cairo');
INSERT INTO public.location (loc_id, city, country, timezone) VALUES (25, 'Villa Carlos Paz', 'Argentina', 'America/Argentina/Cordoba');
INSERT INTO public.location (loc_id, city, country, timezone) VALUES (26, 'Jinping', 'China', 'Asia/Chongqing');
INSERT INTO public.location (loc_id, city, country, timezone) VALUES (27, 'Tatsunochō-tominaga', 'Japan', 'Asia/Tokyo');
INSERT INTO public.location (loc_id, city, country, timezone) VALUES (28, 'Tsagaanders', 'Mongolia', 'Asia/Ulaanbaatar');
INSERT INTO public.location (loc_id, city, country, timezone) VALUES (29, 'Malhão', 'Portugal', 'Europe/Lisbon');
INSERT INTO public.location (loc_id, city, country, timezone) VALUES (30, 'Yonghe', 'China', 'Asia/Shanghai');
INSERT INTO public.location (loc_id, city, country, timezone) VALUES (31, 'Sveg', 'Sweden', 'Europe/Stockholm');
INSERT INTO public.location (loc_id, city, country, timezone) VALUES (32, 'Sanjiazi', 'China', 'Asia/Harbin');
INSERT INTO public.location (loc_id, city, country, timezone) VALUES (33, 'Tolú', 'Colombia', 'America/Bogota');
INSERT INTO public.location (loc_id, city, country, timezone) VALUES (34, 'Foumban', 'Cameroon', 'Africa/Douala');
INSERT INTO public.location (loc_id, city, country, timezone) VALUES (35, 'Chishmy', 'Russia', 'Asia/Yekaterinburg');
INSERT INTO public.location (loc_id, city, country, timezone) VALUES (36, 'TEst', 'TEst', 'Test/Test');

INSERT INTO public.prog_language (plang_id, plang) VALUES (1, 'C++');
INSERT INTO public.prog_language (plang_id, plang) VALUES (2, 'Python');
INSERT INTO public.prog_language (plang_id, plang) VALUES (3, 'JavaScript');
INSERT INTO public.prog_language (plang_id, plang) VALUES (4, 'Kotlin');
INSERT INTO public.prog_language (plang_id, plang) VALUES (5, 'SQL');
INSERT INTO public.prog_language (plang_id, plang) VALUES (6, 'C#');
INSERT INTO public.prog_language (plang_id, plang) VALUES (7, 'Java');
INSERT INTO public.prog_language (plang_id, plang) VALUES (8, 'PHP');
INSERT INTO public.prog_language (plang_id, plang) VALUES (9, 'Assembler');


insert into coder (loc_id, plang_id, coder_username, coder_email, first_name, last_name, credit_card) values (18, 6, 'kbanger0', 'kbanger0@uol.com.br', 'Katrine', 'Banger', '3583715732929841');
insert into coder (loc_id, plang_id, coder_username, coder_email, first_name, last_name, credit_card) values (35, 3, 'inoseworthy1', 'inoseworthy1@privacy.gov.au', 'Ignatius', 'Noseworthy', '5108752553910023');
insert into coder (loc_id, plang_id, coder_username, coder_email, first_name, last_name, credit_card) values (1, 3, 'amcinnes2', 'amcinnes2@paginegialle.it', 'Agnola', 'McInnes', '3573328513090122');
insert into coder (loc_id, plang_id, coder_username, coder_email, first_name, last_name, credit_card) values (12, 9, 'scaines3', 'scaines3@omniture.com', 'Stephanie', 'Caines', '3540863390932988');
insert into coder (loc_id, plang_id, coder_username, coder_email, first_name, last_name, credit_card) values (11, 8, 'tmcqueen4', 'tmcqueen4@mail.ru', 'Tito', 'McQueen', '3538178250072476');
insert into coder (loc_id, plang_id, coder_username, coder_email, first_name, last_name, credit_card) values (11, 3, 'eclifft5', 'eclifft5@cnet.com', 'Emmy', 'Clifft', '4041379416515246');
insert into coder (loc_id, plang_id, coder_username, coder_email, first_name, last_name, credit_card) values (2, 9, 'elambis6', 'elambis6@booking.com', 'Elsa', 'Lambis', '3550164966816193');
insert into coder (loc_id, plang_id, coder_username, coder_email, first_name, last_name, credit_card) values (2, 9, 'fdrinnan7', 'fdrinnan7@ezinearticles.com', 'Fredric', 'Drinnan', '374622424681848');
insert into coder (loc_id, plang_id, coder_username, coder_email, first_name, last_name, credit_card) values (9, 2, 'mgibby8', 'mgibby8@gravatar.com', 'Marje', 'Gibby', '3580166553099905');
insert into coder (loc_id, plang_id, coder_username, coder_email, first_name, last_name, credit_card) values (2, 3, 'aperez9', 'aperez9@g.co', 'Angelita', 'Perez', '3576955670506974');
insert into coder (loc_id, plang_id, coder_username, coder_email, first_name, last_name, credit_card) values (10, 1, 'llaurensa', 'llaurensa@typepad.com', 'Legra', 'Laurens', '36473690356586');
insert into coder (loc_id, plang_id, coder_username, coder_email, first_name, last_name, credit_card) values (17, 2, 'ctowlsonb', 'ctowlsonb@pen.io', 'Caryl', 'Towlson', '4917833845409588');
insert into coder (loc_id, plang_id, coder_username, coder_email, first_name, last_name, credit_card) values (15, 3, 'mbrogginic', 'mbrogginic@mit.edu', 'Miran', 'Broggini', '3554289998202157');
insert into coder (loc_id, plang_id, coder_username, coder_email, first_name, last_name, credit_card) values (24, 7, 'yemonsd', 'yemonsd@nature.com', 'Yolane', 'Emons', '3571519443102951');
insert into coder (loc_id, plang_id, coder_username, coder_email, first_name, last_name, credit_card) values (23, 3, 'cdenningtone', 'cdenningtone@statcounter.com', 'Clyde', 'Dennington', '3529892413124294');
insert into coder (loc_id, plang_id, coder_username, coder_email, first_name, last_name, credit_card) values (30, 2, 'ggascoynef', 'ggascoynef@chicagotribune.com', 'Gilberta', 'Gascoyne', '630457818571940391');
insert into coder (loc_id, plang_id, coder_username, coder_email, first_name, last_name, credit_card) values (23, 1, 'tprebbleg', 'tprebbleg@accuweather.com', 'Thedrick', 'Prebble', '3553735165089117');
insert into coder (loc_id, plang_id, coder_username, coder_email, first_name, last_name, credit_card) values (2, 7, 'vbellewh', 'vbellewh@google.de', 'Verla', 'Bellew', '3538662784489371');
insert into coder (loc_id, plang_id, coder_username, coder_email, first_name, last_name, credit_card) values (17, 6, 'mpetrassoi', 'mpetrassoi@exblog.jp', 'Melisse', 'Petrasso', '5602239891984895');
insert into coder (loc_id, plang_id, coder_username, coder_email, first_name, last_name, credit_card) values (23, 6, 'owillingalej', 'owillingalej@amazon.com', 'Ollie', 'Willingale', '4936395184313836393');
insert into coder (loc_id, plang_id, coder_username, coder_email, first_name, last_name, credit_card) values (3, 5, 'mowensk', 'mowensk@cocolog-nifty.com', 'Marna', 'Owens', '3563906281125253');
insert into coder (loc_id, plang_id, coder_username, coder_email, first_name, last_name, credit_card) values (17, 7, 'cfoxleyl', 'cfoxleyl@nationalgeographic.com', 'Catherina', 'Foxley', '201718946386947');
insert into coder (loc_id, plang_id, coder_username, coder_email, first_name, last_name, credit_card) values (19, 5, 'mramsbottomm', 'mramsbottomm@wix.com', 'Misha', 'Ramsbottom', '5100143673868457');
insert into coder (loc_id, plang_id, coder_username, coder_email, first_name, last_name, credit_card) values (10, 9, 'lsturgen', 'lsturgen@tinyurl.com', 'Lin', 'Sturge', '374288857003056');
insert into coder (loc_id, plang_id, coder_username, coder_email, first_name, last_name, credit_card) values (23, 4, 'pbrugmano', 'pbrugmano@people.com.cn', 'Pen', 'Brugman', '3589867195233171');
insert into coder (loc_id, plang_id, coder_username, coder_email, first_name, last_name, credit_card) values (20, 9, 'ediffleyp', 'ediffleyp@shareasale.com', 'Errol', 'Diffley', '501852188418733464');
insert into coder (loc_id, plang_id, coder_username, coder_email, first_name, last_name, credit_card) values (34, 3, 'scallacherq', 'scallacherq@yellowbook.com', 'Saleem', 'Callacher', '3587235515015847');
insert into coder (loc_id, plang_id, coder_username, coder_email, first_name, last_name, credit_card) values (20, 6, 'mwilldenr', 'mwilldenr@devhub.com', 'Menard', 'Willden', '6333441323834110');
insert into coder (loc_id, plang_id, coder_username, coder_email, first_name, last_name, credit_card) values (18, 2, 'dloddys', 'dloddys@techcrunch.com', 'Debby', 'Loddy', '3585306745191229');
insert into coder (loc_id, plang_id, coder_username, coder_email, first_name, last_name, credit_card) values (7, 8, 'femenyt', 'femenyt@apple.com', 'Fredrick', 'Emeny', '5155668325207666');
insert into coder (loc_id, plang_id, coder_username, coder_email, first_name, last_name, credit_card) values (11, 6, 'zoldlandu', 'zoldlandu@vkontakte.ru', 'Zonda', 'Oldland', '4508393573756812');
insert into coder (loc_id, plang_id, coder_username, coder_email, first_name, last_name, credit_card) values (31, 4, 'aranyv', 'aranyv@npr.org', 'Alexandrina', 'Rany', '4405622768097671');
insert into coder (loc_id, plang_id, coder_username, coder_email, first_name, last_name, credit_card) values (31, 3, 'kfeedhamw', 'kfeedhamw@ning.com', 'Kaycee', 'Feedham', '4905864158709458');
insert into coder (loc_id, plang_id, coder_username, coder_email, first_name, last_name, credit_card) values (14, 5, 'cwissbeyx', 'cwissbeyx@people.com.cn', 'Clarie', 'Wissbey', '3562741816112133');
insert into coder (loc_id, plang_id, coder_username, coder_email, first_name, last_name, credit_card) values (33, 6, 'clarseny', 'clarseny@shutterfly.com', 'Cyrille', 'Larsen', '5451504052789827');


INSERT INTO public.document (doc_id, coder_id, document_type, given_by, is_diploma) VALUES (1, 6, 'DIPLOMA', 'NU', true);
INSERT INTO public.document (doc_id, coder_id, document_type, given_by, is_diploma) VALUES (2, 4, 'DIPLOMA', 'CVUT', true);
INSERT INTO public.document (doc_id, coder_id, document_type, given_by, is_diploma) VALUES (3, 18, 'CERTIFICATE', 'CISCO', false);
INSERT INTO public.document (doc_id, coder_id, document_type, given_by, is_diploma) VALUES (4, 8, 'DIPLOMA', 'MIT', true);
INSERT INTO public.document (doc_id, coder_id, document_type, given_by, is_diploma) VALUES (5, 15, 'CERTIFICATE', 'GIB', false);
INSERT INTO public.document (doc_id, coder_id, document_type, given_by, is_diploma) VALUES (6, 17, 'CERTIFICATE', 'GIB', false);
INSERT INTO public.document (doc_id, coder_id, document_type, given_by, is_diploma) VALUES (7, 22, 'DIPLOMA', 'NU', true);
INSERT INTO public.document (doc_id, coder_id, document_type, given_by, is_diploma) VALUES (8, 23, 'DIPLOMA', 'CVUT', true);
INSERT INTO public.document (doc_id, coder_id, document_type, given_by, is_diploma) VALUES (9, 31, 'CERTIFICATE', 'CISCO', false);
INSERT INTO public.document (doc_id, coder_id, document_type, given_by, is_diploma) VALUES (10, 29, 'CERTIFICATE', 'GIB', false);

insert into customer (cust_email, loc_id, cust_username, first_name, last_name, credit_card) values ('nmingaud0@whitehouse.gov', 30, 'nmingaud0', 'Norma', 'Mingaud', '4173105288636368');
insert into customer (cust_email, loc_id, cust_username, first_name, last_name, credit_card) values ('jneubigin1@blog.com', 12, 'jneubigin1', 'Job', 'Neubigin', '5472452006863360');
insert into customer (cust_email, loc_id, cust_username, first_name, last_name, credit_card) values ('tgenthner2@hubpages.com', 21, 'tgenthner2', 'Tedra', 'Genthner', '633481854548120274');
insert into customer (cust_email, loc_id, cust_username, first_name, last_name, credit_card) values ('dhurdman3@themeforest.net', 10, 'dhurdman3', 'Dolorita', 'Hurdman', '676314368764853122');
insert into customer (cust_email, loc_id, cust_username, first_name, last_name, credit_card) values ('bhawley4@bigcartel.com', 13, 'bhawley4', 'Buiron', 'Hawley', '6706890527661720');
insert into customer (cust_email, loc_id, cust_username, first_name, last_name, credit_card) values ('nmeegan5@un.org', 30, 'nmeegan5', 'Nada', 'Meegan', '5002352490672294');
insert into customer (cust_email, loc_id, cust_username, first_name, last_name, credit_card) values ('tblore6@networksolutions.com', 19, 'tblore6', 'Tracy', 'Blore', '3543592262773769');
insert into customer (cust_email, loc_id, cust_username, first_name, last_name, credit_card) values ('bklassman7@intel.com', 11, 'bklassman7', 'Brandie', 'Klassman', '3561833639144483');
insert into customer (cust_email, loc_id, cust_username, first_name, last_name, credit_card) values ('cskaife8@biglobe.ne.jp', 35, 'cskaife8', 'Chevalier', 'Skaife', '5602222891470760788');
insert into customer (cust_email, loc_id, cust_username, first_name, last_name, credit_card) values ('smaccostye9@sbwire.com', 22, 'smaccostye9', 'Si', 'MacCostye', '4917729238696676');
insert into customer (cust_email, loc_id, cust_username, first_name, last_name, credit_card) values ('tlangabeera@woothemes.com', 35, 'tlangabeera', 'Tammie', 'Langabeer', '4569593212170707');
insert into customer (cust_email, loc_id, cust_username, first_name, last_name, credit_card) values ('lgriffinb@bbc.co.uk', 11, 'lgriffinb', 'Lynea', 'Griffin', '5038606636504517669');
insert into customer (cust_email, loc_id, cust_username, first_name, last_name, credit_card) values ('aforcerc@samsung.com', 25, 'aforcerc', 'Alexio', 'Forcer', '3580043436902086');
insert into customer (cust_email, loc_id, cust_username, first_name, last_name, credit_card) values ('mwattinhamd@unicef.org', 27, 'mwattinhamd', 'Marco', 'Wattinham', '4508627474526372');
insert into customer (cust_email, loc_id, cust_username, first_name, last_name, credit_card) values ('btyte@msn.com', 30, 'btyte', 'Babbette', 'Tyt', '5108755168009743');
insert into customer (cust_email, loc_id, cust_username, first_name, last_name, credit_card) values ('prentonf@patch.com', 16, 'prentonf', 'Pauli', 'Renton', '5404090108955065');
insert into customer (cust_email, loc_id, cust_username, first_name, last_name, credit_card) values ('dearngyg@squarespace.com', 6, 'dearngyg', 'De witt', 'Earngy', '3533169621241853');
insert into customer (cust_email, loc_id, cust_username, first_name, last_name, credit_card) values ('ddjekovich@aol.com', 10, 'ddjekovich', 'Danita', 'Djekovic', '4844692946970940');
insert into customer (cust_email, loc_id, cust_username, first_name, last_name, credit_card) values ('hwhighti@fda.gov', 2, 'hwhighti', 'Hakim', 'Whight', '6386508969707036');
insert into customer (cust_email, loc_id, cust_username, first_name, last_name, credit_card) values ('phindrickj@google.fr', 34, 'phindrickj', 'Pincus', 'Hindrick', '3572099817666872');
insert into customer (cust_email, loc_id, cust_username, first_name, last_name, credit_card) values ('cwannek@deliciousdays.com', 6, 'cwannek', 'Connor', 'Wanne', '4508408882865953');
insert into customer (cust_email, loc_id, cust_username, first_name, last_name, credit_card) values ('jrozl@spotify.com', 3, 'jrozl', 'Jeanie', 'Roz', '56022538963183152');
insert into customer (cust_email, loc_id, cust_username, first_name, last_name, credit_card) values ('fcollettm@wix.com', 24, 'fcollettm', 'Federica', 'Collett', '501836151419783301');
insert into customer (cust_email, loc_id, cust_username, first_name, last_name, credit_card) values ('rharryn@feedburner.com', 9, 'rharryn', 'Rufus', 'Harry', '30312956773645');
insert into customer (cust_email, loc_id, cust_username, first_name, last_name, credit_card) values ('edaniellio@tumblr.com', 6, 'edaniellio', 'Elianore', 'Danielli', '6767568547523643');
insert into customer (cust_email, loc_id, cust_username, first_name, last_name, credit_card) values ('emccuep@amazon.co.jp', 11, 'emccuep', 'Ellsworth', 'McCue', '3538781798479721');
insert into customer (cust_email, loc_id, cust_username, first_name, last_name, credit_card) values ('hberthouloumeq@goodreads.com', 28, 'hberthouloumeq', 'Henry', 'Berthouloume', '564182168055555569');
insert into customer (cust_email, loc_id, cust_username, first_name, last_name, credit_card) values ('mianellir@diigo.com', 35, 'mianellir', 'Morgan', 'Ianelli', '30593890641051');
insert into customer (cust_email, loc_id, cust_username, first_name, last_name, credit_card) values ('dtreacys@amazon.co.jp', 8, 'dtreacys', 'Dame', 'Treacy', '3581572682673578');
insert into customer (cust_email, loc_id, cust_username, first_name, last_name, credit_card) values ('fiamittiit@e-recht24.de', 7, 'fiamittiit', 'Ford', 'Iamittii', '4041596897942');
insert into customer (cust_email, loc_id, cust_username, first_name, last_name, credit_card) values ('tdeleeku@go.com', 23, 'tdeleeku', 'Tyrus', 'De Leek', '3568504272101253');
insert into customer (cust_email, loc_id, cust_username, first_name, last_name, credit_card) values ('doldfieldcherryv@google.com.hk', 2, 'doldfieldcherryv', 'Darcy', 'Oldfield-Cherry', '3580033774228509');
insert into customer (cust_email, loc_id, cust_username, first_name, last_name, credit_card) values ('rhainesw@cbsnews.com', 27, 'rhainesw', 'Raynard', 'Haines', '3533110440827324');
insert into customer (cust_email, loc_id, cust_username, first_name, last_name, credit_card) values ('ldavallx@fema.gov', 5, 'ldavallx', 'Lyle', 'Davall', '06043288312303388');
insert into customer (cust_email, loc_id, cust_username, first_name, last_name, credit_card) values ('bcaldayrouy@admin.ch', 16, 'bcaldayrouy', 'Bryna', 'Caldayrou', '3584521448823826');


INSERT INTO public.orders (order_id, coder_id, cust_id, cost, description) VALUES (1, 6, 21, 22.30, 'Simple program in C++');
INSERT INTO public.orders (order_id, coder_id, cust_id, cost, description) VALUES (2, 14, 15, 5.30, 'Cool program');
INSERT INTO public.orders (order_id, coder_id, cust_id, cost, description) VALUES (3, 7, 8, 55.00, 'Complex Program');
INSERT INTO public.orders (order_id, coder_id, cust_id, cost, description) VALUES (4, 24, 11, 15.00, 'Medium complex program');
INSERT INTO public.orders (order_id, coder_id, cust_id, cost, description) VALUES (5, 31, 22, 10.00, 'Simple program');
INSERT INTO public.orders (order_id, coder_id, cust_id, cost, description) VALUES (6, 24, 13, 14.00, 'cool');




INSERT INTO public.rating (rate_id, coder_id, cust_id, order_id, comment, rate) VALUES (1, 6, 21, 1, 'Excellent', 5);
INSERT INTO public.rating (rate_id, coder_id, cust_id, order_id, comment, rate) VALUES (2, 14, 15, 2, 'BAD!', 1);



INSERT INTO public.working (work_id, coder_id, work_place) VALUES (1, 5, 'Senior Developer');
INSERT INTO public.working (work_id, coder_id, work_place) VALUES (3, 18, 'DevOps');
INSERT INTO public.working (work_id, coder_id, work_place) VALUES (4, 31, 'Network Administrator');
INSERT INTO public.working (work_id, coder_id, work_place) VALUES (5, 22, 'Junior Developer');
INSERT INTO public.working (work_id, coder_id, work_place) VALUES (2, 4, 'Senior Developer');


