INSERT INTO public.location (loc_id, city, country, timezone) VALUES (1, 'Al Khirāb', 'Yemen', 'Asia/Riyadh');
INSERT INTO public.location (loc_id, city, country, timezone) VALUES (2, 'Tabinay', 'Philippines', 'Asia/Manila');
INSERT INTO public.location (loc_id, city, country, timezone) VALUES (3, 'Gračec', 'Croatia', 'Europe/Zagreb');
INSERT INTO public.location (loc_id, city, country, timezone) VALUES (4, 'Jiuzihe', 'China', 'Asia/Shanghai');
INSERT INTO public.location (loc_id, city, country, timezone) VALUES (5, 'Itaporanga', 'Brazil', 'America/Fortaleza');
INSERT INTO public.location (loc_id, city, country, timezone) VALUES (6, 'Fagersta', 'Sweden', 'Europe/Stockholm');
INSERT INTO public.location (loc_id, city, country, timezone) VALUES (7, 'Dongchengyuan', 'China', 'Asia/Shanghai');
INSERT INTO public.location (loc_id, city, country, timezone) VALUES (8, 'Sammatti', 'Finland', 'Europe/Helsinki');
INSERT INTO public.location (loc_id, city, country, timezone) VALUES (9, 'Margos', 'Philippines', 'Asia/Manila');
INSERT INTO public.location (loc_id, city, country, timezone) VALUES (10, 'Annecy', 'France', 'Europe/Paris');
INSERT INTO public.location (loc_id, city, country, timezone) VALUES (11, 'Pyatigorsk', 'Russia', 'Europe/Moscow');
INSERT INTO public.location (loc_id, city, country, timezone) VALUES (12, 'Bil‘īn', 'Palestinian Territory', 'Asia/Hebron');
INSERT INTO public.location (loc_id, city, country, timezone) VALUES (13, 'Široki Brijeg', 'Bosnia and Herzegovina', 'Europe/Sarajevo');
INSERT INTO public.location (loc_id, city, country, timezone) VALUES (14, 'Peraía', 'Greece', 'Europe/Athens');
INSERT INTO public.location (loc_id, city, country, timezone) VALUES (15, 'Meziměstí', 'Czech Republic', 'Europe/Warsaw');
INSERT INTO public.location (loc_id, city, country, timezone) VALUES (16, 'Kozhanka', 'Ukraine', 'Europe/Kiev');
INSERT INTO public.location (loc_id, city, country, timezone) VALUES (17, 'Santa Praxedes', 'Philippines', 'Asia/Manila');
INSERT INTO public.location (loc_id, city, country, timezone) VALUES (18, 'Massy', 'France', 'Europe/Paris');
INSERT INTO public.location (loc_id, city, country, timezone) VALUES (19, 'Mistřice', 'Czech Republic', 'Europe/Prague');
INSERT INTO public.location (loc_id, city, country, timezone) VALUES (20, 'Gengqing', 'China', 'Asia/Chongqing');
INSERT INTO public.location (loc_id, city, country, timezone) VALUES (21, 'Yesan', 'South Korea', 'Asia/Seoul');
INSERT INTO public.location (loc_id, city, country, timezone) VALUES (22, 'Xiangcheng', 'China', 'Asia/Shanghai');
INSERT INTO public.location (loc_id, city, country, timezone) VALUES (23, 'Wulipu', 'China', 'Asia/Chongqing');
INSERT INTO public.location (loc_id, city, country, timezone) VALUES (24, 'Abū Tīj', 'Egypt', 'Africa/Cairo');
INSERT INTO public.location (loc_id, city, country, timezone) VALUES (25, 'Villa Carlos Paz', 'Argentina', 'America/Argentina/Cordoba');
INSERT INTO public.location (loc_id, city, country, timezone) VALUES (26, 'Jinping', 'China', 'Asia/Chongqing');
INSERT INTO public.location (loc_id, city, country, timezone) VALUES (27, 'Tatsunochō-tominaga', 'Japan', 'Asia/Tokyo');
INSERT INTO public.location (loc_id, city, country, timezone) VALUES (28, 'Tsagaanders', 'Mongolia', 'Asia/Ulaanbaatar');
INSERT INTO public.location (loc_id, city, country, timezone) VALUES (29, 'Malhão', 'Portugal', 'Europe/Lisbon');
INSERT INTO public.location (loc_id, city, country, timezone) VALUES (30, 'Yonghe', 'China', 'Asia/Shanghai');
INSERT INTO public.location (loc_id, city, country, timezone) VALUES (31, 'Sveg', 'Sweden', 'Europe/Stockholm');
INSERT INTO public.location (loc_id, city, country, timezone) VALUES (32, 'Sanjiazi', 'China', 'Asia/Harbin');
INSERT INTO public.location (loc_id, city, country, timezone) VALUES (33, 'Tolú', 'Colombia', 'America/Bogota');
INSERT INTO public.location (loc_id, city, country, timezone) VALUES (34, 'Foumban', 'Cameroon', 'Africa/Douala');
INSERT INTO public.location (loc_id, city, country, timezone) VALUES (35, 'Chishmy', 'Russia', 'Asia/Yekaterinburg');
INSERT INTO public.location (loc_id, city, country, timezone) VALUES (36, 'TEst', 'TEst', 'Test/Test');

INSERT INTO public.prog_language (plang_id, plang) VALUES (1, 'C++');
INSERT INTO public.prog_language (plang_id, plang) VALUES (2, 'Python');
INSERT INTO public.prog_language (plang_id, plang) VALUES (3, 'JavaScript');
INSERT INTO public.prog_language (plang_id, plang) VALUES (4, 'Kotlin');
INSERT INTO public.prog_language (plang_id, plang) VALUES (5, 'SQL');
INSERT INTO public.prog_language (plang_id, plang) VALUES (6, 'C#');
INSERT INTO public.prog_language (plang_id, plang) VALUES (7, 'Java');
INSERT INTO public.prog_language (plang_id, plang) VALUES (8, 'PHP');
INSERT INTO public.prog_language (plang_id, plang) VALUES (9, 'Assembler');


INSERT INTO public.coder (coder_id, loc_id, plang_id, coder_username, coder_email, first_name, last_name) VALUES (1, 9, 1, 'karchdeckne0', 'karchdeckne0@statcounter.com', 'Kora', 'Archdeckne');
INSERT INTO public.coder (coder_id, loc_id, plang_id, coder_username, coder_email, first_name, last_name) VALUES (2, 33, 5, 'dtidcombe1', 'dtidcombe1@washington.edu', 'Danny', 'Tidcombe');
INSERT INTO public.coder (coder_id, loc_id, plang_id, coder_username, coder_email, first_name, last_name) VALUES (3, 32, 4, 'gchetwynd2', 'gchetwynd2@chronoengine.com', 'Gaylord', 'Chetwynd');
INSERT INTO public.coder (coder_id, loc_id, plang_id, coder_username, coder_email, first_name, last_name) VALUES (4, 15, 2, 'aricson3', 'aricson3@reference.com', 'Armando', 'Ricson');
INSERT INTO public.coder (coder_id, loc_id, plang_id, coder_username, coder_email, first_name, last_name) VALUES (5, 6, 4, 'dcarillo4', 'dcarillo4@nytimes.com', 'Daisey', 'Carillo');
INSERT INTO public.coder (coder_id, loc_id, plang_id, coder_username, coder_email, first_name, last_name) VALUES (6, 28, 2, 'ntolliday5', 'ntolliday5@quantcast.com', 'Neel', 'Tolliday');
INSERT INTO public.coder (coder_id, loc_id, plang_id, coder_username, coder_email, first_name, last_name) VALUES (7, 25, 4, 'nbaswall6', 'nbaswall6@mapquest.com', 'Nils', 'Baswall');
INSERT INTO public.coder (coder_id, loc_id, plang_id, coder_username, coder_email, first_name, last_name) VALUES (8, 14, 3, 'ctriplet7', 'ctriplet7@deliciousdays.com', 'Ches', 'Triplet');
INSERT INTO public.coder (coder_id, loc_id, plang_id, coder_username, coder_email, first_name, last_name) VALUES (9, 10, 2, 'jwarrener8', 'jwarrener8@huffingtonpost.com', 'Jeffie', 'Warrener');
INSERT INTO public.coder (coder_id, loc_id, plang_id, coder_username, coder_email, first_name, last_name) VALUES (10, 30, 1, 'cgraine9', 'cgraine9@sfgate.com', 'Carlyn', 'Graine');
INSERT INTO public.coder (coder_id, loc_id, plang_id, coder_username, coder_email, first_name, last_name) VALUES (11, 9, 2, 'pcastelluzzia', 'pcastelluzzia@nymag.com', 'Patricio', 'Castelluzzi');
INSERT INTO public.coder (coder_id, loc_id, plang_id, coder_username, coder_email, first_name, last_name) VALUES (12, 29, 2, 'fsullyb', 'fsullyb@netscape.com', 'Fionna', 'Sully');
INSERT INTO public.coder (coder_id, loc_id, plang_id, coder_username, coder_email, first_name, last_name) VALUES (13, 31, 5, 'rhamelc', 'rhamelc@hostgator.com', 'Richmound', 'Hamel');
INSERT INTO public.coder (coder_id, loc_id, plang_id, coder_username, coder_email, first_name, last_name) VALUES (14, 25, 5, 'mnorreyd', 'mnorreyd@bloglovin.com', 'Morly', 'Norrey');
INSERT INTO public.coder (coder_id, loc_id, plang_id, coder_username, coder_email, first_name, last_name) VALUES (15, 15, 4, 'rsabbinse', 'rsabbinse@mlb.com', 'Rance', 'Sabbins');
INSERT INTO public.coder (coder_id, loc_id, plang_id, coder_username, coder_email, first_name, last_name) VALUES (16, 24, 4, 'bmicallef0', 'bmicallef0@scribd.com', 'Barri', 'Micallef');
INSERT INTO public.coder (coder_id, loc_id, plang_id, coder_username, coder_email, first_name, last_name) VALUES (17, 1, 3, 'dcraggs1', 'dcraggs1@dailymotion.com', 'Devin', 'Craggs');
INSERT INTO public.coder (coder_id, loc_id, plang_id, coder_username, coder_email, first_name, last_name) VALUES (18, 25, 5, 'bpickvance0', 'bpickvance0@symantec.com', 'Brand', 'Pickvance');
INSERT INTO public.coder (coder_id, loc_id, plang_id, coder_username, coder_email, first_name, last_name) VALUES (19, 19, 5, 'ngoning1', 'ngoning1@sakura.ne.jp', 'Nadya', 'Goning');
INSERT INTO public.coder (coder_id, loc_id, plang_id, coder_username, coder_email, first_name, last_name) VALUES (20, 12, 1, 'akrollman2', 'akrollman2@yolasite.com', 'Ashil', 'Krollman');
INSERT INTO public.coder (coder_id, loc_id, plang_id, coder_username, coder_email, first_name, last_name) VALUES (21, 10, 5, 'gfoulger3', 'gfoulger3@bizjournals.com', 'Gunner', 'Foulger');
INSERT INTO public.coder (coder_id, loc_id, plang_id, coder_username, coder_email, first_name, last_name) VALUES (22, 11, 4, 'medowes4', 'medowes4@elpais.com', 'Moises', 'Edowes');
INSERT INTO public.coder (coder_id, loc_id, plang_id, coder_username, coder_email, first_name, last_name) VALUES (23, 12, 1, 'cbaldwin5', 'cbaldwin5@illinois.edu', 'Carce', 'Baldwin');
INSERT INTO public.coder (coder_id, loc_id, plang_id, coder_username, coder_email, first_name, last_name) VALUES (24, 23, 3, 'melbourn6', 'melbourn6@blogspot.com', 'Melisande', 'Elbourn');
INSERT INTO public.coder (coder_id, loc_id, plang_id, coder_username, coder_email, first_name, last_name) VALUES (25, 2, 5, 'lmckeaveney7', 'lmckeaveney7@nature.com', 'Leeann', 'McKeaveney');
INSERT INTO public.coder (coder_id, loc_id, plang_id, coder_username, coder_email, first_name, last_name) VALUES (26, 2, 5, 'hbeincken8', 'hbeincken8@parallels.com', 'Hoebart', 'Beincken');
INSERT INTO public.coder (coder_id, loc_id, plang_id, coder_username, coder_email, first_name, last_name) VALUES (27, 3, 3, 'mbanker9', 'mbanker9@de.vu', 'Mozes', 'Banker');
INSERT INTO public.coder (coder_id, loc_id, plang_id, coder_username, coder_email, first_name, last_name) VALUES (28, 17, 5, 'khardistry0', 'khardistry0@microsoft.com', 'Kyrstin', 'Hardistry');
INSERT INTO public.coder (coder_id, loc_id, plang_id, coder_username, coder_email, first_name, last_name) VALUES (29, 20, 5, 'ssharram1', 'ssharram1@gnu.org', 'Sephira', 'Sharram');
INSERT INTO public.coder (coder_id, loc_id, plang_id, coder_username, coder_email, first_name, last_name) VALUES (30, 9, 2, 'cpiper2', 'cpiper2@nba.com', 'Chad', 'Piper');
INSERT INTO public.coder (coder_id, loc_id, plang_id, coder_username, coder_email, first_name, last_name) VALUES (31, 30, 4, 'relby3', 'relby3@google.com.hk', 'Reiko', 'Elby');
INSERT INTO public.coder (coder_id, loc_id, plang_id, coder_username, coder_email, first_name, last_name) VALUES (32, 25, 4, 'aheindl4', 'aheindl4@constantcontact.com', 'Avigdor', 'Heindl');
INSERT INTO public.coder (coder_id, loc_id, plang_id, coder_username, coder_email, first_name, last_name) VALUES (33, 9, 2, 'ibartolomeotti0', 'ibartolomeotti0@sakura.ne.jp', 'Ingrid', 'Bartolomeotti');
INSERT INTO public.coder (coder_id, loc_id, plang_id, coder_username, coder_email, first_name, last_name) VALUES (34, 11, 1, 'nroddick1', 'nroddick1@nba.com', 'Neils', 'Roddick');
INSERT INTO public.coder (coder_id, loc_id, plang_id, coder_username, coder_email, first_name, last_name) VALUES (35, 19, 3, 'troder2', 'troder2@imageshack.us', 'Timothy', 'Roder');


INSERT INTO public.document (doc_id, coder_id, document_type, given_by, is_diploma) VALUES (1, 6, 'DIPLOMA', 'NU', true);
INSERT INTO public.document (doc_id, coder_id, document_type, given_by, is_diploma) VALUES (2, 4, 'DIPLOMA', 'CVUT', true);
INSERT INTO public.document (doc_id, coder_id, document_type, given_by, is_diploma) VALUES (3, 18, 'CERTIFICATE', 'CISCO', false);
INSERT INTO public.document (doc_id, coder_id, document_type, given_by, is_diploma) VALUES (4, 8, 'DIPLOMA', 'MIT', true);
INSERT INTO public.document (doc_id, coder_id, document_type, given_by, is_diploma) VALUES (5, 15, 'CERTIFICATE', 'GIB', false);
INSERT INTO public.document (doc_id, coder_id, document_type, given_by, is_diploma) VALUES (6, 17, 'CERTIFICATE', 'GIB', false);
INSERT INTO public.document (doc_id, coder_id, document_type, given_by, is_diploma) VALUES (7, 22, 'DIPLOMA', 'NU', true);
INSERT INTO public.document (doc_id, coder_id, document_type, given_by, is_diploma) VALUES (8, 23, 'DIPLOMA', 'CVUT', true);
INSERT INTO public.document (doc_id, coder_id, document_type, given_by, is_diploma) VALUES (9, 31, 'CERTIFICATE', 'CISCO', false);
INSERT INTO public.document (doc_id, coder_id, document_type, given_by, is_diploma) VALUES (10, 29, 'CERTIFICATE', 'GIB', false);

INSERT INTO public.customer (cust_id, cust_email, cust_username, first_name, last_name) VALUES (1, 'dyurevich0@hao123.com', 'dyurevich0', 'Dallas', 'Yurevich');
INSERT INTO public.customer (cust_id, cust_email, cust_username, first_name, last_name) VALUES (2, 'ckeyson1@odnoklassniki.ru', 'ckeyson1', 'Colin', 'Keyson');
INSERT INTO public.customer (cust_id, cust_email, cust_username, first_name, last_name) VALUES (3, 'jscotfurth2@cbc.ca', 'jscotfurth2', 'Joela', 'Scotfurth');
INSERT INTO public.customer (cust_id, cust_email, cust_username, first_name, last_name) VALUES (4, 'kadams3@cocolog-nifty.com', 'kadams3', 'Kayne', 'Adams');
INSERT INTO public.customer (cust_id, cust_email, cust_username, first_name, last_name) VALUES (5, 'gcourtois4@mozilla.com', 'gcourtois4', 'Geralda', 'Courtois');
INSERT INTO public.customer (cust_id, cust_email, cust_username, first_name, last_name) VALUES (6, 'lmanach5@google.com.hk', 'lmanach5', 'Laure', 'Manach');
INSERT INTO public.customer (cust_id, cust_email, cust_username, first_name, last_name) VALUES (7, 'fmclise6@dailymail.co.uk', 'fmclise6', 'Flossy', 'McLise');
INSERT INTO public.customer (cust_id, cust_email, cust_username, first_name, last_name) VALUES (8, 'haysik7@netscape.com', 'haysik7', 'Hortensia', 'Aysik');
INSERT INTO public.customer (cust_id, cust_email, cust_username, first_name, last_name) VALUES (9, 'bbertolin8@blinklist.com', 'bbertolin8', 'Barbabra', 'Bertolin');
INSERT INTO public.customer (cust_id, cust_email, cust_username, first_name, last_name) VALUES (10, 'lcosterd9@discuz.net', 'lcosterd9', 'Leslie', 'Costerd');
INSERT INTO public.customer (cust_id, cust_email, cust_username, first_name, last_name) VALUES (11, 'tgentreaua@cargocollective.com', 'tgentreaua', 'Tarrah', 'Gentreau');
INSERT INTO public.customer (cust_id, cust_email, cust_username, first_name, last_name) VALUES (12, 'lcarsonb@slideshare.net', 'lcarsonb', 'Lewie', 'Carson');
INSERT INTO public.customer (cust_id, cust_email, cust_username, first_name, last_name) VALUES (13, 'wbrandenburgc@apache.org', 'wbrandenburgc', 'Waldon', 'Brandenburg');
INSERT INTO public.customer (cust_id, cust_email, cust_username, first_name, last_name) VALUES (14, 'cwrigleyd@wix.com', 'cwrigleyd', 'Claire', 'Wrigley');
INSERT INTO public.customer (cust_id, cust_email, cust_username, first_name, last_name) VALUES (15, 'aguildforde@ucla.edu', 'aguildforde', 'Agneta', 'Guildford');
INSERT INTO public.customer (cust_id, cust_email, cust_username, first_name, last_name) VALUES (16, 'tfaughnanf@umn.edu', 'tfaughnanf', 'Tiertza', 'Faughnan');
INSERT INTO public.customer (cust_id, cust_email, cust_username, first_name, last_name) VALUES (17, 'tcoitg@bloglines.com', 'tcoitg', 'Trev', 'Coit');
INSERT INTO public.customer (cust_id, cust_email, cust_username, first_name, last_name) VALUES (18, 'mlaguerreh@exblog.jp', 'mlaguerreh', 'Mavis', 'Laguerre');
INSERT INTO public.customer (cust_id, cust_email, cust_username, first_name, last_name) VALUES (19, 'lsimonetoni@pagesperso-orange.fr', 'lsimonetoni', 'Leeland', 'Simoneton');
INSERT INTO public.customer (cust_id, cust_email, cust_username, first_name, last_name) VALUES (20, 'msparshattj@dot.gov', 'msparshattj', 'Marielle', 'Sparshatt');
INSERT INTO public.customer (cust_id, cust_email, cust_username, first_name, last_name) VALUES (21, 'llabramk@wikispaces.com', 'llabramk', 'Lindsy', 'Labram');
INSERT INTO public.customer (cust_id, cust_email, cust_username, first_name, last_name) VALUES (22, 'wmarranl@dyndns.org', 'wmarranl', 'Winnie', 'Marran');
INSERT INTO public.customer (cust_id, cust_email, cust_username, first_name, last_name) VALUES (23, 'mewersm@themeforest.net', 'mewersm', 'Madalena', 'Ewers');
INSERT INTO public.customer (cust_id, cust_email, cust_username, first_name, last_name) VALUES (24, 'dligoen@flickr.com', 'dligoen', 'Delinda', 'Ligoe');
INSERT INTO public.customer (cust_id, cust_email, cust_username, first_name, last_name) VALUES (25, 'aaleavyo@elegantthemes.com', 'aaleavyo', 'Agathe', 'Aleavy');
INSERT INTO public.customer (cust_id, cust_email, cust_username, first_name, last_name) VALUES (26, 'hfargherp@shop-pro.jp', 'hfargherp', 'Haze', 'Fargher');
INSERT INTO public.customer (cust_id, cust_email, cust_username, first_name, last_name) VALUES (27, 'jsummerellq@illinois.edu', 'jsummerellq', 'Jenda', 'Summerell');
INSERT INTO public.customer (cust_id, cust_email, cust_username, first_name, last_name) VALUES (28, 'prangeleyr@sakura.ne.jp', 'prangeleyr', 'Pepillo', 'Rangeley');
INSERT INTO public.customer (cust_id, cust_email, cust_username, first_name, last_name) VALUES (29, 'ssimmonites@theatlantic.com', 'ssimmonites', 'Sissy', 'Simmonite');
INSERT INTO public.customer (cust_id, cust_email, cust_username, first_name, last_name) VALUES (30, 'efelderert@wsj.com', 'efelderert', 'Elie', 'Felderer');
INSERT INTO public.customer (cust_id, cust_email, cust_username, first_name, last_name) VALUES (31, 'jgherarducciu@netlog.com', 'jgherarducciu', 'Jonas', 'Gherarducci');
INSERT INTO public.customer (cust_id, cust_email, cust_username, first_name, last_name) VALUES (32, 'mtremblev@joomla.org', 'mtremblev', 'Marlane', 'Tremble');
INSERT INTO public.customer (cust_id, cust_email, cust_username, first_name, last_name) VALUES (33, 'mseillerw@dropbox.com', 'mseillerw', 'Maryellen', 'Seiller');
INSERT INTO public.customer (cust_id, cust_email, cust_username, first_name, last_name) VALUES (34, 'wmulhallx@google.co.uk', 'wmulhallx', 'Worden', 'Mulhall');
INSERT INTO public.customer (cust_id, cust_email, cust_username, first_name, last_name) VALUES (35, 'ngaitskelly@shinystat.com', 'ngaitskelly', 'Nikita', 'Gaitskell');


INSERT INTO public.orders (order_id, coder_id, cust_id, cost, description) VALUES (1, 6, 21, 22.30, 'Simple program in C++');
INSERT INTO public.orders (order_id, coder_id, cust_id, cost, description) VALUES (2, 14, 15, 5.30, 'Cool program');
INSERT INTO public.orders (order_id, coder_id, cust_id, cost, description) VALUES (3, 7, 8, 55.00, 'Complex Program');
INSERT INTO public.orders (order_id, coder_id, cust_id, cost, description) VALUES (4, 24, 11, 15.00, 'Medium complex program');
INSERT INTO public.orders (order_id, coder_id, cust_id, cost, description) VALUES (5, 31, 22, 10.00, 'Simple program');
INSERT INTO public.orders (order_id, coder_id, cust_id, cost, description) VALUES (6, 24, 13, 14.00, 'cool');
INSERT INTO public.orders (order_id, coder_id, cust_id, cost, description) VALUES (7, 24, 13, 14.00, 'cool');
INSERT INTO public.orders (order_id, coder_id, cust_id, cost, description) VALUES (8, 24, 13, 14.00, 'cool');
INSERT INTO public.orders (order_id, coder_id, cust_id, cost, description) VALUES (9, 24, 13, 14.00, 'cool');
INSERT INTO public.orders (order_id, coder_id, cust_id, cost, description) VALUES (10, 24, 13, 14.00, 'cool');
INSERT INTO public.orders (order_id, coder_id, cust_id, cost, description) VALUES (11, 24, 13, 14.00, 'cool');
INSERT INTO public.orders (order_id, coder_id, cust_id, cost, description) VALUES (12, 24, 13, 14.00, 'cool');
INSERT INTO public.orders (order_id, coder_id, cust_id, cost, description) VALUES (13, 24, 13, 14.00, 'cool');
INSERT INTO public.orders (order_id, coder_id, cust_id, cost, description) VALUES (14, 24, 13, 14.00, 'cool');
INSERT INTO public.orders (order_id, coder_id, cust_id, cost, description) VALUES (15, 24, 13, 14.00, 'cool');
INSERT INTO public.orders (order_id, coder_id, cust_id, cost, description) VALUES (16, 24, 13, 14.00, 'cool');
INSERT INTO public.orders (order_id, coder_id, cust_id, cost, description) VALUES (17, 24, 13, 14.00, 'cool');



INSERT INTO public.rating (rate_id, coder_id, cust_id, order_id, comment, rate) VALUES (1, 6, 21, 1, 'Excellent', 5);
INSERT INTO public.rating (rate_id, coder_id, cust_id, order_id, comment, rate) VALUES (2, 14, 15, 2, 'BAD!', 1);



INSERT INTO public.working (work_id, coder_id, work_place) VALUES (1, 5, 'Senior Developer');
INSERT INTO public.working (work_id, coder_id, work_place) VALUES (3, 18, 'DevOps');
INSERT INTO public.working (work_id, coder_id, work_place) VALUES (4, 31, 'Network Administrator');
INSERT INTO public.working (work_id, coder_id, work_place) VALUES (5, 22, 'Junior Developer');
INSERT INTO public.working (work_id, coder_id, work_place) VALUES (2, 4, 'Senior Developer');


